创建分享状态,分享名,分享地址,提取码,分享时间
成功,1996.宰相刘罗锅.40集全,"我用夸克网盘给你分享了「1996.宰相刘罗锅.40集全」，点击链接或复制整段内容，打开「夸克APP」即可获取。
链接：https://pan.quark.cn/s/afb4212d1b83",,2026-03-11 17:09
成功,沉默的真相‎ (2020),"我用夸克网盘给你分享了「沉默的真相‎ (2020)」，点击链接或复制整段内容，打开「夸克APP」即可获取。
链接：https://pan.quark.cn/s/ec1cbf4e188c",,2026-03-11 17:09
成功,D-大明王朝1566.9.7.Da.Ming.Wang.Chao.2007.E01-46.1080p.WEB-DL.AAC.H.264-OurTV,"我用夸克网盘给你分享了「D-大明王朝15...AC.H.264-OurTV」，点击链接或复制整段内容，打开「夸克APP」即可获取。
链接：https://pan.quark.cn/s/4f2305becb05",,2026-03-11 17:09
成功,亮剑【2005 全30集 4K】,"我用夸克网盘给你分享了「亮剑【2005 ... 4K】」，点击链接或复制整段内容，打开「夸克APP」即可获取。
链接：https://pan.quark.cn/s/167355aa18ae",,2026-03-11 17:09
成功,马大帅S1-S3（三季合集）,"我用夸克网盘给你分享了「马大帅S1-S3（三季合集）」，点击链接或复制整段内容，打开「夸克APP」即可获取。
链接：https://pan.quark.cn/s/286497d445b5",,2026-03-11 17:09
成功,水浒传[1998],"我用夸克网盘给你分享了「水浒传[1998]」，点击链接或复制整段内容，打开「夸克APP」即可获取。
链接：https://pan.quark.cn/s/84f3b9a4fd56",,2026-03-11 17:09
成功,鹿鼎记 (1998),"我用夸克网盘给你分享了「鹿鼎记 (1998)」，点击链接或复制整段内容，打开「夸克APP」即可获取。
链接：https://pan.quark.cn/s/1ec593c3e7a1",,2026-03-11 17:09
成功,士兵突击,"我用夸克网盘给你分享了「士兵突击」，点击链接或复制整段内容，打开「夸克APP」即可获取。
链接：https://pan.quark.cn/s/21de09946841",,2026-03-11 17:09
成功,B-皛蔍厡I,"我用夸克网盘给你分享了「B-皛蔍厡I」，点击链接或复制整段内容，打开「夸克APP」即可获取。
链接：https://pan.quark.cn/s/796df3e012d8",,2026-03-11 17:09
成功,Y-雍正王朝 (1999),"我用夸克网盘给你分享了「Y-雍正王朝 (1999)」，点击链接或复制整段内容，打开「夸克APP」即可获取。
链接：https://pan.quark.cn/s/3b042809c11e",,2026-03-11 17:09
成功,大秦帝国四部曲,"我用夸克网盘给你分享了「大秦帝国四部曲」，点击链接或复制整段内容，打开「夸克APP」即可获取。
链接：https://pan.quark.cn/s/e5ca9899236f",,2026-03-11 17:09
