title,url
1996.宰相刘罗锅.40集全,https://pan.quark.cn/s/afb4212d1b83
沉默的真相‎ (2020),https://pan.quark.cn/s/ec1cbf4e188c
D-大明王朝1566.9.7.Da.Ming.Wang.Chao.2007.E01-46.1080p.WEB-DL.AAC.H.264-OurTV,https://pan.quark.cn/s/4f2305becb05
亮剑【2005 全30集 4K】,https://pan.quark.cn/s/167355aa18ae
马大帅S1-S3（三季合集）,https://pan.quark.cn/s/286497d445b5
水浒传[1998],https://pan.quark.cn/s/84f3b9a4fd56
鹿鼎记 (1998),https://pan.quark.cn/s/1ec593c3e7a1
士兵突击,https://pan.quark.cn/s/21de09946841
B-皛蔍厡I,https://pan.quark.cn/s/796df3e012d8
Y-雍正王朝 (1999),https://pan.quark.cn/s/3b042809c11e
大秦帝国四部曲,https://pan.quark.cn/s/e5ca9899236f
